,Timestamp,team.number,match.number,Did the team show up,mobility,notes.speaker.auto,notes.amp.auto,subwoofer.reliability.auto,podium.reliability.auto,middle.reliability.auto,midfield.reliability.auto,alliance.coop,robot.pickup,robot.disabled.time,robot.speed,notes.speaker.teleop,notes.amp.teleop,subwoofer.reliability.teleop,podium.reliability.teleop,middle.reliability.teleop,midfield.reliability.teleop,park,climb,trap,fouls,rps,strategy.impact,general.notes,tstamp,rp.pts,total.notes.speaker,total.notes.amp,mobility.pts,trap.pts,park.pts,fast.pts,climb.pts,sub.auto.acry,mid.auto.acry,mfld.auto.acry,pod.auto.acry,sub.teleop.acry,mid.teleop.acry,mfld.teleop.acry,pod.teleop.acry,teleop.pts,auto.pts,total.pts,speaker.pts,amp.pts
0,3/2/2024 15:48:42,587.0,Q20,Yes,Yes,0.0,0.0,0,0,0,0,0,"Ground, Source",1.0,0,0.0,0.0,0,0,0,0,Yes,Yes,No,0.0,2.0,No,0,2024-03-02 15:48:42,2.0,0.0,0.0,3.0,0.0,2.0,,3.0,0.0,0.0,0.0,0.0,0.0,0.0,0.0,0.0,5.0,3.0,8.0,0.0,0.0
1,3/8/2024 11:02:21,9561.0,Q1,No,0,0.0,0.0,0,0,0,0,0,0,0.0,0,0.0,0.0,0,0,0,0,0,0,0,0.0,0.0,0,0,2024-03-08 11:02:21,0.0,0.0,0.0,0.0,0.0,0.0,,0.0,0.0,0.0,0.0,0.0,0.0,0.0,0.0,0.0,0.0,0.0,0.0,0.0,0.0
2,3/8/2024 11:05:33,4451.0,Q01,Yes,Yes,1.0,0.0,Scored,0,0,0,Yes,"Ground, Source",0.0,4,6.0,0.0,Scored,Scored,0,0,Yes,Didn't try,No,0.0,2.0,No,0,2024-03-08 11:05:33,2.0,7.0,0.0,3.0,0.0,2.0,,0.0,2.0,0.0,0.0,0.0,2.0,0.0,0.0,2.0,14.0,8.0,22.0,17.0,0.0
3,3/8/2024 11:05:36,1648.0,Q1,Yes,No,0.0,0.0,Neither,Neither,Neither,Neither,No,0,1.0,they didnt cross the field,0.0,0.0,Neither,Neither,Neither,Neither,Yes,Didn't try,No,0.0,0.0,No,they played a lot of defense; didn’t attempt any scoring,2024-03-08 11:05:36,0.0,0.0,0.0,0.0,0.0,2.0,,0.0,0.0,0.0,0.0,0.0,0.0,0.0,0.0,0.0,2.0,0.0,2.0,0.0,0.0
4,3/8/2024 11:05:40,8736.0,Q1,Yes,Yes,0.0,0.0,Neither,Neither,Neither,Neither,No,Ground,2.0,4,2.0,1.0,Scored,Neither,Neither,Neither,Yes,Didn't try,No,0.0,2.0,No,0,2024-03-08 11:05:40,2.0,2.0,1.0,3.0,0.0,2.0,,0.0,0.0,0.0,0.0,0.0,2.0,0.0,0.0,0.0,7.0,3.0,10.0,4.0,1.0
5,3/8/2024 11:05:43,1319.0,Q1,Yes,No,0.0,0.0,Neither,Neither,Neither,Neither,No,Ground,1.0,5,0.0,0.0,Attempted,0,0,0,No,Yes,No,0.0,2.0,Yes,misses.2; pbc pipe became disconnected and began to hang off the robot; played defense for half the match,2024-03-08 11:05:43,2.0,0.0,0.0,0.0,0.0,0.0,,3.0,0.0,0.0,0.0,0.0,1.0,0.0,0.0,0.0,3.0,0.0,3.0,0.0,0.0
6,3/8/2024 11:05:50,3091.0,Q1,Yes,No,0.0,0.0,Neither,Neither,Neither,Neither,No,Source,8.0,Didn't cross,0.0,0.0,Attempted,0,0,0,No,Failed,No,0.0,0.0,No,Didn't move for much of match,2024-03-08 11:05:50,0.0,0.0,0.0,0.0,0.0,0.0,,0.0,0.0,0.0,0.0,0.0,1.0,0.0,0.0,0.0,0.0,0.0,0.0,0.0,0.0
7,3/8/2024 11:15:50,2974.0,Q2,Yes,Yes,1.0,0.0,Scored,0,0,0,No,Ground,1.0,3,5.0,2.0,Scored,0,0,0,Yes,Didn't try,No,0.0,0.0,No,0,2024-03-08 11:15:50,0.0,6.0,2.0,3.0,0.0,2.0,,0.0,2.0,0.0,0.0,0.0,2.0,0.0,0.0,0.0,14.0,8.0,22.0,15.0,2.0
8,3/8/2024 11:15:58,342.0,Q2,Yes,No,0.0,0.0,0,0,0,0,0,Ground,4.0,4,1.0,0.0,0,Neither,0,0,Yes,Yes,No,1.0,0.0,Yes,Eject didn’t work note got stuck,2024-03-08 11:15:58,0.0,1.0,0.0,0.0,0.0,2.0,,3.0,0.0,0.0,0.0,0.0,0.0,0.0,0.0,0.0,7.0,0.0,7.0,2.0,0.0
9,3/8/2024 11:15:58,9571.0,Q02,Yes,Yes,0.0,0.0,0,0,0,0,No,Source,0.0,15,0.0,0.0,Neither,Neither,Neither,Neither,Yes,Didn't try,No,0.0,0.0,No,did basically nothing,2024-03-08 11:15:58,0.0,0.0,0.0,3.0,0.0,2.0,,0.0,0.0,0.0,0.0,0.0,0.0,0.0,0.0,0.0,2.0,3.0,5.0,0.0,0.0
10,3/8/2024 11:15:59,2815.0,Q2,Yes,No,0.0,0.0,Neither,Neither,Neither,Neither,No,0,2.0,4,0.0,0.0,Neither,Neither,Neither,Neither,No,Didn't try,No,0.0,0.0,No,0,2024-03-08 11:15:59,0.0,0.0,0.0,0.0,0.0,0.0,,0.0,0.0,0.0,0.0,0.0,0.0,0.0,0.0,0.0,0.0,0.0,0.0,0.0,0.0
11,3/8/2024 11:16:03,1539.0,Q2,Yes,Yes,1.0,0.0,Scored,0,0,0,No,Ground,1.0,Didn't cross,0.0,0.0,Neither,Neither,Neither,Neither,Yes,Didn't try,No,0.0,2.0,No,Just played defense,2024-03-08 11:16:03,2.0,1.0,0.0,3.0,0.0,2.0,,0.0,2.0,0.0,0.0,0.0,0.0,0.0,0.0,0.0,2.0,8.0,10.0,5.0,0.0
12,3/8/2024 11:16:07,5130.0,Q2,Yes,Yes,1.0,0.0,Neither,Scored,Neither,Neither,No,0,1.0,didnt cross,1.0,0.0,0,Scored,0,0,Yes,Failed,No,0.0,2.0,No,the shots they made were all preloaded; after they scored they just played defense,2024-03-08 11:16:07,2.0,2.0,0.0,3.0,0.0,2.0,,0.0,0.0,0.0,0.0,2.0,0.0,0.0,0.0,2.0,4.0,8.0,12.0,7.0,0.0
13,3/8/2024 11:27:51,8137.0,Q3,No,0,0.0,0.0,0,0,0,0,0,0,0.0,0,0.0,0.0,0,0,0,0,0,0,0,0.0,0.0,0,No-show,2024-03-08 11:27:51,0.0,0.0,0.0,0.0,0.0,0.0,,0.0,0.0,0.0,0.0,0.0,0.0,0.0,0.0,0.0,0.0,0.0,0.0,0.0,0.0
14,3/8/2024 11:28:32,3329.0,Q3,Yes,No,0.0,0.0,Neither,Neither,Neither,Neither,No,Ground,3.0,5,0.0,0.0,Attempted,Neither,Neither,Neither,No,Yes,No,0.0,0.0,No,0,2024-03-08 11:28:32,0.0,0.0,0.0,0.0,0.0,0.0,,3.0,0.0,0.0,0.0,0.0,1.0,0.0,0.0,0.0,3.0,0.0,3.0,0.0,0.0
15,3/8/2024 11:28:50,343.0,Q3,Yes,Yes,1.0,0.0,Scored,0,Attempted,0,No,"Ground, Source",1.0,5,1.0,4.0,Scored,0,Attempted,0,Yes,Failed,No,0.0,2.0,No,"misses.4; really good amp, speaker still unreliable",2024-03-08 11:28:50,2.0,2.0,4.0,3.0,0.0,2.0,,0.0,2.0,1.0,0.0,0.0,2.0,1.0,0.0,0.0,8.0,8.0,16.0,7.0,4.0
16,3/8/2024 11:28:55,9477.0,Q3,Yes,Yes,0.0,0.0,Attempted,Neither,Neither,Neither,No,Ground,0.0,Didn't cross,2.0,0.0,Attempted,Attempted,Neither,Neither,Yes,Didn't try,No,0.0,2.0,No,Missed alot,2024-03-08 11:28:55,2.0,2.0,0.0,3.0,0.0,2.0,,0.0,1.0,0.0,0.0,0.0,1.0,0.0,0.0,1.0,6.0,3.0,9.0,4.0,0.0
17,3/8/2024 11:29:12,6961.0,Q3,Yes,No,0.0,0.0,Neither,Neither,Neither,Neither,No,0,1.0,didnt cross,0.0,0.0,Neither,Neither,Neither,Neither,No,Didn't try,No,0.0,2.0,No,they moved but they just stood in the middle of the field,2024-03-08 11:29:12,2.0,0.0,0.0,0.0,0.0,0.0,,0.0,0.0,0.0,0.0,0.0,0.0,0.0,0.0,0.0,0.0,0.0,0.0,0.0,0.0
18,3/8/2024 11:31:55,7676.0,Q3,No,0,0.0,0.0,0,0,0,0,0,0,0.0,0,0.0,0.0,0,0,0,0,0,0,0,0.0,0.0,0,0,2024-03-08 11:31:55,0.0,0.0,0.0,0.0,0.0,0.0,,0.0,0.0,0.0,0.0,0.0,0.0,0.0,0.0,0.0,0.0,0.0,0.0,0.0,0.0
19,3/8/2024 11:36:09,9315.0,Q4,Yes,No,0.0,0.0,0,0,0,0,0,0,0.0,0,0.0,0.0,0,0,0,0,0,0,0,0.0,0.0,0,0,2024-03-08 11:36:09,0.0,0.0,0.0,0.0,0.0,0.0,,0.0,0.0,0.0,0.0,0.0,0.0,0.0,0.0,0.0,0.0,0.0,0.0,0.0,0.0
20,3/8/2024 11:38:11,281.0,Q4,Yes,Yes,0.0,0.0,Attempted,0,0,0,No,0,4.0,Did not cross,0.0,0.0,Neither,Neither,Neither,Neither,Yes,Didn't try,No,0.0,0.0,No,"Note got stuck on top of shooter, then under robot;",2024-03-08 11:38:11,0.0,0.0,0.0,3.0,0.0,2.0,,0.0,1.0,0.0,0.0,0.0,0.0,0.0,0.0,0.0,2.0,3.0,5.0,0.0,0.0
21,3/8/2024 11:38:40,1293.0,Q4,Yes,No,0.0,0.0,Neither,Neither,Neither,Neither,No,Ground,3.0,—,0.0,0.0,Neither,Neither,Neither,Neither,No,Didn't try,No,0.0,0.0,No,0,2024-03-08 11:38:40,0.0,0.0,0.0,0.0,0.0,0.0,,0.0,0.0,0.0,0.0,0.0,0.0,0.0,0.0,0.0,0.0,0.0,0.0,0.0,0.0
22,3/8/2024 11:38:43,6167.0,Q4,Yes,Yes,0.0,0.0,Neither,Neither,Neither,Neither,Yes,"Ground, Source",0.0,0,0.0,0.0,Attempted,Neither,Neither,Neither,Yes,Didn't try,No,0.0,0.0,No,0,2024-03-08 11:38:43,0.0,0.0,0.0,3.0,0.0,2.0,,0.0,0.0,0.0,0.0,0.0,1.0,0.0,0.0,0.0,2.0,3.0,5.0,0.0,0.0
23,3/8/2024 11:39:18,1051.0,Q4,Yes,Yes,0.0,0.0,Attempted,Neither,Neither,Neither,No,Ground,0.0,Didn't cross,1.0,0.0,Scored,Neither,Neither,Neither,No,Yes,No,0.0,2.0,No,0,2024-03-08 11:39:18,2.0,1.0,0.0,3.0,0.0,0.0,,3.0,1.0,0.0,0.0,0.0,2.0,0.0,0.0,0.0,5.0,3.0,8.0,2.0,0.0
24,3/8/2024 11:40:50,4533.0,Q4,Yes,No,0.0,0.0,Neither,Neither,Neither,Neither,No,0,1.0,4,0.0,0.0,Neither,Neither,Neither,Neither,No,Didn't try,No,0.0,2.0,No,didn’t get a shot off or points score,2024-03-08 11:40:50,2.0,0.0,0.0,0.0,0.0,0.0,,0.0,0.0,0.0,0.0,0.0,0.0,0.0,0.0,0.0,0.0,0.0,0.0,0.0,0.0
25,3/8/2024 11:44:15,4189.0,Q5,No,0,0.0,0.0,0,0,0,0,0,0,0.0,0,0.0,0.0,0,0,0,0,0,0,0,0.0,0.0,0,0,2024-03-08 11:44:15,0.0,0.0,0.0,0.0,0.0,0.0,,0.0,0.0,0.0,0.0,0.0,0.0,0.0,0.0,0.0,0.0,0.0,0.0,0.0,0.0
26,3/8/2024 11:46:03,3490.0,Q5,Yes,No,0.0,0.0,Neither,Neither,Neither,Neither,No,"Ground, Source",0.0,They where immobile,0.0,0.0,Neither,Neither,Neither,Neither,No,Didn't try,No,0.0,0.0,No,Robot was immobile for the entirety of the match,2024-03-08 11:46:03,0.0,0.0,0.0,0.0,0.0,0.0,,0.0,0.0,0.0,0.0,0.0,0.0,0.0,0.0,0.0,0.0,0.0,0.0,0.0,0.0
27,3/8/2024 11:46:38,1287.0,Q5,Yes,Yes,0.0,0.0,Neither,Neither,Neither,Neither,No,"Ground, Source",1.0,5,0.0,2.0,0,0,Attempted,0,No,Yes,No,0.0,0.0,No,misses.2; attempted trap; initially had issues with joint mechanism on top shooter,2024-03-08 11:46:38,0.0,0.0,2.0,3.0,0.0,0.0,,3.0,0.0,0.0,0.0,0.0,0.0,1.0,0.0,0.0,5.0,3.0,8.0,0.0,2.0
28,3/8/2024 11:47:25,9575.0,Q5,Yes,No,0.0,0.0,Neither,Neither,Neither,Neither,No,Ground,0.0,8 sec,5.0,0.0,Scored,Scored,Neither,Neither,Yes,Failed,No,0.0,2.0,No,Broke their climb,2024-03-08 11:47:25,2.0,5.0,0.0,0.0,0.0,2.0,,0.0,0.0,0.0,0.0,0.0,2.0,0.0,0.0,2.0,12.0,0.0,12.0,10.0,0.0
29,3/8/2024 11:48:45,3489.0,5,Yes,Yes,0.0,0.0,0,0,0,0,0,"Ground, Source",0.0,0,0.0,0.0,Scored,0,0,0,No,Yes,Yes,0.0,0.0,0,0,2024-03-08 11:48:45,0.0,0.0,0.0,3.0,5.0,0.0,,3.0,0.0,0.0,0.0,0.0,2.0,0.0,0.0,0.0,8.0,3.0,11.0,0.0,0.0
30,3/8/2024 11:49:59,3976.0,Q5,No,No,0.0,0.0,Neither,Neither,Neither,Neither,No,0,0.0,0,0.0,0.0,Neither,Neither,Neither,Neither,No,Didn't try,No,0.0,0.0,No,0,2024-03-08 11:49:59,0.0,0.0,0.0,0.0,0.0,0.0,,0.0,0.0,0.0,0.0,0.0,0.0,0.0,0.0,0.0,0.0,0.0,0.0,0.0,0.0
31,3/8/2024 11:51:28,3489.0,Q5,Yes,No,0.0,0.0,Neither,Neither,Neither,Neither,No,Ground,1.0,4,2.0,0.0,Neither,Scored,Neither,Neither,No,Yes; with another robot,No,0.0,2.0,No,very quick; semi-accurate shooter; efficient intskr,2024-03-08 11:51:28,2.0,2.0,0.0,0.0,0.0,0.0,,3.0,0.0,0.0,0.0,0.0,0.0,0.0,0.0,2.0,7.0,0.0,7.0,4.0,0.0
32,3/8/2024 11:57:10,9561.0,Q6,No,0,0.0,0.0,0,0,0,0,0,0,0.0,0,0.0,0.0,0,0,0,0,0,0,0,0.0,0.0,0,0,2024-03-08 11:57:10,0.0,0.0,0.0,0.0,0.0,0.0,,0.0,0.0,0.0,0.0,0.0,0.0,0.0,0.0,0.0,0.0,0.0,0.0,0.0,0.0
33,3/8/2024 11:57:13,8736.0,Q6,No,0,0.0,0.0,0,0,0,0,0,0,0.0,0,0.0,0.0,0,0,0,0,0,0,0,0.0,0.0,0,0,2024-03-08 11:57:13,0.0,0.0,0.0,0.0,0.0,0.0,,0.0,0.0,0.0,0.0,0.0,0.0,0.0,0.0,0.0,0.0,0.0,0.0,0.0,0.0
34,3/8/2024 12:00:19,1539.0,Q6,Yes,No,0.0,0.0,0,0,0,0,No,0,0.0,0,0.0,0.0,0,0,0,0,0,0,0,0.0,0.0,No,No movement,2024-03-08 12:00:19,0.0,0.0,0.0,0.0,0.0,0.0,,0.0,0.0,0.0,0.0,0.0,0.0,0.0,0.0,0.0,0.0,0.0,0.0,0.0,0.0
35,3/8/2024 12:00:22,7085.0,Q6,Yes,Yes,0.0,0.0,Neither,Neither,Neither,Neither,No,Ground,2.0,6,0.0,0.0,Attempted,Neither,Neither,Neither,Yes,Didn't try,No,0.0,0.0,No,0,2024-03-08 12:00:22,0.0,0.0,0.0,3.0,0.0,2.0,,0.0,0.0,0.0,0.0,0.0,1.0,0.0,0.0,0.0,2.0,3.0,5.0,0.0,0.0
36,3/8/2024 12:00:57,6366.0,Q6,Yes,Yes,0.0,0.0,Attempted,Neither,Attempted,Neither,No,Ground,0.0,Didn't cross,3.0,0.0,Scored,0,0,0,Yes,Didn't try,No,0.0,2.0,No,Bad driver bumped around a lot might have broken robot,2024-03-08 12:00:57,2.0,3.0,0.0,3.0,0.0,2.0,,0.0,1.0,1.0,0.0,0.0,2.0,0.0,0.0,0.0,8.0,3.0,11.0,6.0,0.0
37,3/8/2024 12:01:15,343.0,Q6,Yes,Yes,0.0,0.0,Neither,Neither,Neither,Neither,No,Source,1.0,5,2.0,5.0,Scored,Scored,Neither,Neither,Yes,Yes,No,0.0,2.0,No,super efficient; drove well; scored on almodt every attempt to do so,2024-03-08 12:01:15,2.0,2.0,5.0,3.0,0.0,2.0,,3.0,0.0,0.0,0.0,0.0,2.0,0.0,0.0,2.0,14.0,3.0,17.0,4.0,5.0
38,3/8/2024 12:10:02,6167.0,Q7,Yes,No,0.0,0.0,Attempted,Neither,Neither,Neither,No,Ground,3.0,0,0.0,0.0,Attempted,Neither,Neither,Neither,Yes,Failed,No,0.0,0.0,No,0,2024-03-08 12:10:02,0.0,0.0,0.0,0.0,0.0,2.0,,0.0,1.0,0.0,0.0,0.0,1.0,0.0,0.0,0.0,2.0,0.0,2.0,0.0,0.0
39,3/8/2024 12:10:07,4451.0,Q7,Yes,Yes,1.0,0.0,Scored,0,0,0,No,Ground,0.0,4,5.0,0.0,Scored,0,0,0,Yes,Didn't try,No,0.0,2.0,No,0,2024-03-08 12:10:07,2.0,6.0,0.0,3.0,0.0,2.0,,0.0,2.0,0.0,0.0,0.0,2.0,0.0,0.0,0.0,12.0,8.0,20.0,15.0,0.0
40,3/8/2024 12:10:11,6961.0,Q7,Yes,Yes,0.0,0.0,Neither,Neither,Neither,Neither,No,0,0.0,0,0.0,0.0,Neither,Neither,Neither,Neither,Yes,Didn't try,No,0.0,0.0,0,No pickup; rookie team,2024-03-08 12:10:11,0.0,0.0,0.0,3.0,0.0,2.0,,0.0,0.0,0.0,0.0,0.0,0.0,0.0,0.0,0.0,2.0,3.0,5.0,0.0,0.0
41,3/8/2024 12:10:17,281.0,Q7,Yes,Yes,1.0,0.0,Scored,0,0,0,0,Ground,1.0,2,2.0,0.0,Scored,0,0,0,0,Yes,No,0.0,0.0,Yes,Nice shooter and climb,2024-03-08 12:10:17,0.0,3.0,0.0,3.0,0.0,0.0,,3.0,2.0,0.0,0.0,0.0,2.0,0.0,0.0,0.0,7.0,8.0,15.0,9.0,0.0
42,3/8/2024 12:10:24,3091.0,Q7,Yes,No,0.0,0.0,Neither,Neither,Neither,Neither,No,Ground,1.0,6,0.0,2.0,Neither,Neither,Neither,Neither,No,Yes,No,0.0,2.0,No,Did not attempt any shots; something broken???,2024-03-08 12:10:24,2.0,0.0,2.0,0.0,0.0,0.0,,3.0,0.0,0.0,0.0,0.0,0.0,0.0,0.0,0.0,5.0,0.0,5.0,0.0,2.0
43,3/8/2024 12:18:32,1648.0,Q8,Yes,0,0.0,0.0,0,0,0,0,0,Ground,3.0,0,0.0,0.0,0,0,0,0,0,Yes,0,0.0,0.0,No,0,2024-03-08 12:18:32,0.0,0.0,0.0,0.0,0.0,0.0,,3.0,0.0,0.0,0.0,0.0,0.0,0.0,0.0,0.0,3.0,0.0,3.0,0.0,0.0
44,3/8/2024 12:19:27,342.0,Q8,Yes,Yes,0.0,0.0,Attempted,0,0,0,No,Ground,0.0,5,6.0,0.0,Scored,0,0,0,No,Yes,No,1.0,2.0,No,0,2024-03-08 12:19:27,2.0,6.0,0.0,3.0,0.0,0.0,,3.0,1.0,0.0,0.0,0.0,2.0,0.0,0.0,0.0,15.0,3.0,18.0,12.0,0.0
45,3/8/2024 12:20:18,1293.0,Q8,Yes,No,0.0,0.0,Neither,Neither,Neither,Neither,No,Source,1.0,didnt cross,0.0,0.0,Neither,Neither,Neither,Neither,No,Didn't try,No,2.0,2.0,No,they dropped the note and then judt resorted to defense; super light and tips over very easily; top heavy,2024-03-08 12:20:18,2.0,0.0,0.0,0.0,0.0,0.0,,0.0,0.0,0.0,0.0,0.0,0.0,0.0,0.0,0.0,0.0,0.0,0.0,0.0,0.0
46,3/8/2024 12:21:36,3329.0,Q8,Yes,No,0.0,0.0,Neither,Neither,Neither,Neither,No,Ground,2.0,0,4.0,0.0,Scored,Neither,Neither,Neither,Yes,Didn't try,No,0.0,0.0,Yes,0,2024-03-08 12:21:36,0.0,4.0,0.0,0.0,0.0,2.0,,0.0,0.0,0.0,0.0,0.0,2.0,0.0,0.0,0.0,10.0,0.0,10.0,8.0,0.0
47,3/8/2024 12:21:39,8575.0,Q8,Yes,Yes,0.0,0.0,Attempted,0,0,0,No,"Ground, Source",0.0,0,4.0,0.0,0,0,0,0,Yes,Didn't try,No,0.0,0.0,No,0,2024-03-08 12:21:39,0.0,4.0,0.0,3.0,0.0,2.0,,0.0,1.0,0.0,0.0,0.0,0.0,0.0,0.0,0.0,10.0,3.0,13.0,8.0,0.0
48,3/8/2024 12:22:01,2974.0,Q8,Yes,Yes,2.0,0.0,Scored,0,Scored,0,No,0,0.0,0,4.0,5.0,Scored,0,Scored,0,No,Didn't try,No,0.0,3.0,No,Phenomenal driver; really fast; combo of amp and speaker,2024-03-08 12:22:01,3.0,6.0,5.0,3.0,0.0,0.0,,0.0,2.0,2.0,0.0,0.0,2.0,2.0,0.0,0.0,13.0,13.0,26.0,18.0,5.0
49,3/8/2024 12:27:03,8137.0,Q9,No,No,0.0,0.0,Neither,Neither,Neither,Neither,No,0,1.0,0,0.0,0.0,Neither,Neither,Neither,Neither,No,Didn't try,No,0.0,0.0,No,they weren’t there,2024-03-08 12:27:03,0.0,0.0,0.0,0.0,0.0,0.0,,0.0,0.0,0.0,0.0,0.0,0.0,0.0,0.0,0.0,0.0,0.0,0.0,0.0,0.0
50,3/8/2024 12:28:56,1287.0,Q9,Yes,Yes,1.0,0.0,Neither,0,0,0,Yes,Ground,1.0,3,4.0,1.0,Scored,Scored,0,0,0,0,0,0.0,0.0,No,0,2024-03-08 12:28:56,0.0,5.0,1.0,3.0,0.0,0.0,,0.0,0.0,0.0,0.0,0.0,2.0,0.0,0.0,2.0,9.0,8.0,17.0,13.0,1.0
51,3/8/2024 12:29:06,4533.0,Q9,Yes,Yes,0.0,0.0,Neither,Neither,Neither,Neither,No,Source,0.0,5,0.0,0.0,Neither,Neither,Neither,Neither,Yes,Didn't try,No,0.0,2.0,No,Push bot,2024-03-08 12:29:06,2.0,0.0,0.0,3.0,0.0,2.0,,0.0,0.0,0.0,0.0,0.0,0.0,0.0,0.0,0.0,2.0,3.0,5.0,0.0,0.0
52,3/8/2024 12:31:23,4189.0,Q9,Yes,Yes,0.0,1.0,Scored,Neither,Neither,Neither,Yes,Ground,2.0,4,1.0,0.0,Scored,Neither,Neither,Neither,Yes,Didn't try,No,2.0,0.0,No,0,2024-03-08 12:31:23,0.0,1.0,1.0,3.0,0.0,2.0,,0.0,2.0,0.0,0.0,0.0,2.0,0.0,0.0,0.0,4.0,5.0,9.0,2.0,2.0
53,3/8/2024 12:32:04,6366.0,Q9,Yes,Yes,2.0,0.0,Scored,0,Scored,0,No,"Ground, Source",1.0,4.5,4.0,0.0,Scored,Scored,0,0,No,Failed,No,0.0,3.0,No,misses.1; very similar to our robot,2024-03-08 12:32:04,3.0,6.0,0.0,3.0,0.0,0.0,,0.0,2.0,2.0,0.0,0.0,2.0,0.0,0.0,2.0,8.0,13.0,21.0,18.0,0.0
54,3/8/2024 12:43:29,3489.0,Q10,Yes,Yes,1.0,0.0,Scored,0,0,0,No,Ground,0.0,0,6.0,0.0,Scored,0,0,0,No,Yes,No,0.0,2.0,No,0,2024-03-08 12:43:29,2.0,7.0,0.0,3.0,0.0,0.0,,3.0,2.0,0.0,0.0,0.0,2.0,0.0,0.0,0.0,15.0,8.0,23.0,17.0,0.0
55,3/8/2024 12:44:19,3976.0,Q10,Yes,No,0.0,0.0,0,0,0,0,No,0,1.0,Did not attempt,1.0,0.0,Scored,Neither,Neither,Neither,No,Didn't try,No,0.0,2.0,No,Little bit top heavy; intially struggled to intake note properly,2024-03-08 12:44:19,2.0,1.0,0.0,0.0,0.0,0.0,,0.0,0.0,0.0,0.0,0.0,2.0,0.0,0.0,0.0,2.0,0.0,2.0,2.0,0.0
56,3/8/2024 12:44:23,7085.0,Q10,Yes,Yes,0.0,0.0,Neither,Neither,Neither,Neither,No,Ground,2.0,6,0.0,0.0,Attempted,Neither,Neither,Neither,0,Didn't try,No,0.0,0.0,No,0,2024-03-08 12:44:23,0.0,0.0,0.0,3.0,0.0,0.0,,0.0,0.0,0.0,0.0,0.0,1.0,0.0,0.0,0.0,0.0,3.0,3.0,0.0,0.0
57,3/8/2024 12:44:33,1051.0,10,Yes,Yes,1.0,0.0,0,Scored,0,0,No,Ground,0.0,Didnt cross,1.0,0.0,Neither,0,0,0,Yes,Yes,No,0.0,0.0,No,0,2024-03-08 12:44:33,0.0,2.0,0.0,3.0,0.0,2.0,,3.0,0.0,0.0,0.0,2.0,0.0,0.0,0.0,0.0,7.0,8.0,15.0,7.0,0.0
58,3/8/2024 12:45:10,7676.0,Q10,Yes,No,0.0,0.0,Neither,Neither,Neither,Neither,No,0,0.0,They were immobile; they could not cross,0.0,0.0,Neither,Neither,Neither,Neither,No,Didn't try,No,0.0,2.0,No,Immobile robot,2024-03-08 12:45:10,2.0,0.0,0.0,0.0,0.0,0.0,,0.0,0.0,0.0,0.0,0.0,0.0,0.0,0.0,0.0,0.0,0.0,0.0,0.0,0.0
59,3/8/2024 12:47:30,1319.0,Q10,Yes,No,0.0,0.0,0,0,0,0,Yes,Ground,10.0,15,0.0,0.0,Neither,Neither,Neither,Neither,0,Yes,No,0.0,0.0,0,0,2024-03-08 12:47:30,0.0,0.0,0.0,0.0,0.0,0.0,,3.0,0.0,0.0,0.0,0.0,0.0,0.0,0.0,0.0,3.0,0.0,3.0,0.0,0.0
60,3/8/2024 12:52:18,3490.0,Q11,Yes,Yes,0.0,0.0,Neither,Neither,Neither,Neither,No,Ground,1.0,2,0.0,1.0,Attempted,Neither,Neither,Neither,Yes,Didn't try,No,0.0,0.0,No,0,2024-03-08 12:52:18,0.0,0.0,1.0,3.0,0.0,2.0,,0.0,0.0,0.0,0.0,0.0,1.0,0.0,0.0,0.0,3.0,3.0,6.0,0.0,1.0
61,3/8/2024 12:52:44,2815.0,11,Yes,No,1.0,0.0,Scored,0,0,0,Yes,Ground,0.0,15-20*,1.0,0.0,Scored,0,0,0,Yes,Yes,No,0.0,2.0,No,0,2024-03-08 12:52:44,2.0,2.0,0.0,0.0,0.0,2.0,,3.0,2.0,0.0,0.0,0.0,2.0,0.0,0.0,0.0,7.0,5.0,12.0,7.0,0.0
62,3/8/2024 12:52:46,9477.0,Q11,Yes,Yes,0.0,0.0,Attempted,0,0,0,No,Ground,0.0,Didn't cross,3.0,0.0,Scored,0,0,0,Yes,Didn't try,No,0.0,0.0,No,0,2024-03-08 12:52:46,0.0,3.0,0.0,3.0,0.0,2.0,,0.0,1.0,0.0,0.0,0.0,2.0,0.0,0.0,0.0,8.0,3.0,11.0,6.0,0.0
63,3/8/2024 12:52:48,343.0,Q11,Yes,Yes,0.0,1.0,0,0,0,0,Yes,"Ground, Source",0.0,0,6.0,3.0,Scored,Scored,0,0,Yes,Didn't try,No,0.0,2.0,No,0,2024-03-08 12:52:48,2.0,6.0,4.0,3.0,0.0,2.0,,0.0,0.0,0.0,0.0,0.0,2.0,0.0,0.0,2.0,17.0,5.0,22.0,12.0,5.0
64,3/8/2024 12:52:54,9315.0,Q11,Yes,No,0.0,0.0,Neither,Neither,Neither,Neither,No,0,1.0,0,0.0,0.0,Neither,Neither,Neither,Neither,No,Didn't try,No,3.0,0.0,No,they got stuck on the red side for a good bit so there were quite a few fouls,2024-03-08 12:52:54,0.0,0.0,0.0,0.0,0.0,0.0,,0.0,0.0,0.0,0.0,0.0,0.0,0.0,0.0,0.0,0.0,0.0,0.0,0.0,0.0
65,3/8/2024 12:53:18,281.0,Q11,Yes,No,0.0,0.0,Attempted,0,0,0,No,"Ground, Source",1.0,0,0.0,1.0,0,Attempted,0,0,No,Failed,No,0.0,0.0,No,misses.2; seemed to struggle to get into shooting position,2024-03-08 12:53:18,0.0,0.0,1.0,0.0,0.0,0.0,,0.0,1.0,0.0,0.0,0.0,0.0,0.0,0.0,1.0,1.0,0.0,1.0,0.0,1.0
66,3/8/2024 13:07:26,6167.0,Q12,Yes,No,0.0,0.0,0,0,0,0,No,Ground,0.0,0,2.0,0.0,Scored,Attempted,Neither,Neither,Yes,Didn't try,No,0.0,0.0,No,0,2024-03-08 13:07:26,0.0,2.0,0.0,0.0,0.0,2.0,,0.0,0.0,0.0,0.0,0.0,2.0,0.0,0.0,1.0,6.0,0.0,6.0,4.0,0.0
67,3/8/2024 13:07:32,1539.0,Q12,Yes,No,0.0,0.0,0,0,0,0,No,0,1.0,0,0.0,0.0,Neither,Neither,Neither,Neither,Yes,Didn't try,No,0.0,0.0,Yes,Played defense; wandered around during entire match,2024-03-08 13:07:32,0.0,0.0,0.0,0.0,0.0,2.0,,0.0,0.0,0.0,0.0,0.0,0.0,0.0,0.0,0.0,2.0,0.0,2.0,0.0,0.0
68,3/8/2024 13:09:08,5130.0,Q12,Yes,Yes,0.0,0.0,Neither,Neither,Neither,Neither,No,Ground,0.0,3,3.0,0.0,Scored,Neither,Neither,Neither,Yes,Didn't try,No,0.0,0.0,Yes,0,2024-03-08 13:09:08,0.0,3.0,0.0,3.0,0.0,2.0,,0.0,0.0,0.0,0.0,0.0,2.0,0.0,0.0,0.0,8.0,3.0,11.0,6.0,0.0
69,3/8/2024 14:09:11,3976.0,13,Yes,Yes,0.0,0.0,Neither,Neither,Neither,Neither,No,Source,1.0,20,0.0,0.0,Neither,Neither,Neither,Neither,Yes,Failed,No,0.0,0.0,No,0,2024-03-08 14:09:11,0.0,0.0,0.0,3.0,0.0,2.0,,0.0,0.0,0.0,0.0,0.0,0.0,0.0,0.0,0.0,2.0,3.0,5.0,0.0,0.0
70,3/8/2024 14:09:20,1051.0,13,Yes,Yes,1.0,0.0,0,Scored,0,0,Yes,Ground,0.0,0,2.0,0.0,Scored,0,0,0,0,Yes,0,0.0,0.0,0,0,2024-03-08 14:09:20,0.0,3.0,0.0,3.0,0.0,0.0,,3.0,0.0,0.0,0.0,2.0,2.0,0.0,0.0,0.0,7.0,8.0,15.0,9.0,0.0
71,3/8/2024 14:09:49,9561.0,13,Yes,No,0.0,0.0,0,0,0,0,No,0,0.0,30,0.0,0.0,Neither,Neither,Neither,Neither,Yes,Didn't try,No,0.0,2.0,No,0,2024-03-08 14:09:49,2.0,0.0,0.0,0.0,0.0,2.0,,0.0,0.0,0.0,0.0,0.0,0.0,0.0,0.0,0.0,2.0,0.0,2.0,0.0,0.0
72,3/8/2024 14:10:05,342.0,Q13,Yes,Yes,0.0,0.0,Neither,Neither,Neither,Neither,No,"Ground, Source",2.0,5,3.0,0.0,Scored,Neither,Neither,Neither,Yes,Yes,No,0.0,2.0,Yes,0,2024-03-08 14:10:05,2.0,3.0,0.0,3.0,0.0,2.0,,3.0,0.0,0.0,0.0,0.0,2.0,0.0,0.0,0.0,11.0,3.0,14.0,6.0,0.0
73,3/8/2024 14:10:28,7676.0,Q13,Yes,No,0.0,0.0,Neither,Neither,Neither,Neither,No,0,1.0,6,0.0,0.0,Neither,Neither,Neither,Neither,No,Didn't try,No,0.0,2.0,No,Stayed in midfield for half the game,2024-03-08 14:10:28,2.0,0.0,0.0,0.0,0.0,0.0,,0.0,0.0,0.0,0.0,0.0,0.0,0.0,0.0,0.0,0.0,0.0,0.0,0.0,0.0
74,3/8/2024 14:17:47,3329.0,Q14,Yes,No,1.0,0.0,Scored,Neither,Neither,Neither,No,0,10.0,infinity,0.0,0.0,Neither,Neither,Neither,Neither,Yes,Didn't try,No,0.0,0.0,No,Disabled whole game,2024-03-08 14:17:47,0.0,1.0,0.0,0.0,0.0,2.0,,0.0,2.0,0.0,0.0,0.0,0.0,0.0,0.0,0.0,2.0,5.0,7.0,5.0,0.0
75,3/8/2024 14:18:24,3490.0,Q14,Yes,No,0.0,0.0,Neither,Neither,Neither,Neither,No,Ground,2.0,7,0.0,0.0,Attempted,Neither,Attempted,Neither,Yes,Didn't try,No,0.0,0.0,No,0,2024-03-08 14:18:24,0.0,0.0,0.0,0.0,0.0,2.0,,0.0,0.0,0.0,0.0,0.0,1.0,1.0,0.0,0.0,2.0,0.0,2.0,0.0,0.0
76,3/8/2024 14:18:55,8736.0,Q14,Yes,No,1.0,0.0,Scored,0,0,0,No,Ground,0.0,0,4.0,0.0,Scored,Scored,0,0,No,Didn't try,No,0.0,2.0,0,0,2024-03-08 14:18:55,2.0,5.0,0.0,0.0,0.0,0.0,,0.0,2.0,0.0,0.0,0.0,2.0,0.0,0.0,2.0,8.0,5.0,13.0,13.0,0.0
77,3/8/2024 14:26:55,7085.0,Q15,Yes,Yes,0.0,0.0,Neither,Neither,Neither,Neither,No,0,10.0,infinity,0.0,0.0,Neither,Neither,Neither,Neither,No,Didn't try,No,0.0,0.0,No,Disabled whole game,2024-03-08 14:26:55,0.0,0.0,0.0,3.0,0.0,0.0,,0.0,0.0,0.0,0.0,0.0,0.0,0.0,0.0,0.0,0.0,3.0,3.0,0.0,0.0
78,3/8/2024 14:27:41,4451.0,Q15,Yes,Yes,1.0,0.0,Scored,0,0,0,0,Ground,0.0,0,6.0,0.0,Scored,Scored,0,0,0,Didn't try,No,0.0,0.0,0,0,2024-03-08 14:27:41,0.0,7.0,0.0,3.0,0.0,0.0,,0.0,2.0,0.0,0.0,0.0,2.0,0.0,0.0,2.0,12.0,8.0,20.0,17.0,0.0
79,3/8/2024 14:28:29,8575.0,Q15,Yes,Yes,1.0,0.0,Scored,0,0,0,No,Ground,0.0,0,3.0,0.0,Scored,0,0,0,Yes,Didn't try,No,1.0,2.0,0,Their climb hit a chain and broke,2024-03-08 14:28:29,2.0,4.0,0.0,3.0,0.0,2.0,,0.0,2.0,0.0,0.0,0.0,2.0,0.0,0.0,0.0,8.0,8.0,16.0,11.0,0.0
80,3/8/2024 14:28:31,1287.0,Q15,Yes,Yes,1.0,0.0,Scored,Neither,Neither,Neither,No,"Ground, Source",0.0,7*,2.0,1.0,Scored,Scored,0,0,Yes,Yes,No,0.0,0.0,No,0,2024-03-08 14:28:31,0.0,3.0,1.0,3.0,0.0,2.0,,3.0,2.0,0.0,0.0,0.0,2.0,0.0,0.0,2.0,10.0,8.0,18.0,9.0,1.0
81,3/8/2024 14:28:32,1648.0,Q14,Yes,Yes,0.0,0.0,Neither,Neither,Neither,Neither,No,Ground,2.0,5,0.0,0.0,Neither,Neither,Neither,Neither,Yes,Yes,No,0.0,0.0,Yes,0,2024-03-08 14:28:32,0.0,0.0,0.0,3.0,0.0,2.0,,3.0,0.0,0.0,0.0,0.0,0.0,0.0,0.0,0.0,5.0,3.0,8.0,0.0,0.0
82,3/8/2024 14:33:24,9477.0,Q16,No,0,0.0,0.0,0,0,0,0,0,0,0.0,0,0.0,0.0,0,0,0,0,0,0,0,0.0,0.0,0,0,2024-03-08 14:33:24,0.0,0.0,0.0,0.0,0.0,0.0,,0.0,0.0,0.0,0.0,0.0,0.0,0.0,0.0,0.0,0.0,0.0,0.0,0.0,0.0
83,3/8/2024 14:38:31,1319.0,Q16,Yes,Yes,1.0,0.0,Scored,Neither,Neither,Neither,No,"Ground, Source",0.0,6,0.0,0.0,Attempted,Neither,Neither,Neither,No,Yes,No,0.0,2.0,No,0,2024-03-08 14:38:31,2.0,1.0,0.0,3.0,0.0,0.0,,3.0,2.0,0.0,0.0,0.0,1.0,0.0,0.0,0.0,3.0,8.0,11.0,5.0,0.0
84,3/8/2024 14:38:59,4189.0,Q16,Yes,No,1.0,0.0,0,0,0,0,0,"Ground, Source",1.0,1.5,0.0,0.0,0,0,0,0,Yes,Failed,No,0.0,0.0,Yes,Ground and source climb had issues and missed shooter unreliable but if it was working like it should it would be an excellent assset to an alliance,2024-03-08 14:38:59,0.0,1.0,0.0,0.0,0.0,2.0,,0.0,0.0,0.0,0.0,0.0,0.0,0.0,0.0,0.0,2.0,5.0,7.0,5.0,0.0
85,3/8/2024 14:39:21,4533.0,Q16,Yes,Yes,1.0,0.0,Scored,Neither,Neither,Neither,Yes,"Ground, Source",2.0,9,3.0,0.0,Scored,Neither,Attempted,Neither,Yes,Yes,No,0.0,1.0,No,0,2024-03-08 14:39:21,1.0,4.0,0.0,3.0,0.0,2.0,,3.0,2.0,0.0,0.0,0.0,2.0,1.0,0.0,0.0,11.0,8.0,19.0,11.0,0.0
86,3/8/2024 14:39:22,2974.0,Q16,Yes,Yes,1.0,0.0,Scored,Neither,Neither,Neither,No,Ground,0.0,6,3.0,2.0,Scored,Neither,Neither,Neither,Yes,Didn't try,No,0.0,3.0,No,Doesn’t have climb but crazy scorer,2024-03-08 14:39:22,3.0,4.0,2.0,3.0,0.0,2.0,,0.0,2.0,0.0,0.0,0.0,2.0,0.0,0.0,0.0,10.0,8.0,18.0,11.0,2.0
87,3/8/2024 14:39:24,2815.0,Q16,Yes,Yes,1.0,0.0,Scored,0,0,0,0,Ground,5.0,0,0.0,0.0,0,0,0,0,0,Yes,0,0.0,0.0,0,0,2024-03-08 14:39:24,0.0,1.0,0.0,3.0,0.0,0.0,,3.0,2.0,0.0,0.0,0.0,0.0,0.0,0.0,0.0,3.0,8.0,11.0,5.0,0.0
88,3/8/2024 14:51:25,8137.0,Q17,Yes,0,0.0,0.0,0,0,0,0,0,Ground,10.0,0,0.0,0.0,0,0,0,0,Yes,0,0,0.0,2.0,0,0,2024-03-08 14:51:25,2.0,0.0,0.0,0.0,0.0,2.0,,0.0,0.0,0.0,0.0,0.0,0.0,0.0,0.0,0.0,2.0,0.0,2.0,0.0,0.0
89,3/8/2024 14:51:32,9571.0,Q17,Yes,No,0.0,0.0,Neither,Neither,Neither,Neither,No,"Ground, Source",1.0,4,2.0,0.0,Scored,Neither,Neither,Neither,No,Didn't try,No,1.0,0.0,No,0,2024-03-08 14:51:32,0.0,2.0,0.0,0.0,0.0,0.0,,0.0,0.0,0.0,0.0,0.0,2.0,0.0,0.0,0.0,4.0,0.0,4.0,4.0,0.0
90,3/8/2024 14:51:59,3329.0,Q17,Yes,No,0.0,0.0,Neither,Neither,Neither,Neither,0,Ground,1.0,6,0.0,0.0,Attempted,Attempted,0,0,Yes,Didn't try,No,0.0,0.0,No,tried scoring for the wrong team,2024-03-08 14:51:59,0.0,0.0,0.0,0.0,0.0,2.0,,0.0,0.0,0.0,0.0,0.0,1.0,0.0,0.0,1.0,2.0,0.0,2.0,0.0,0.0
91,3/8/2024 14:52:59,343.0,Q17,Yes,Yes,1.0,0.0,Scored,Neither,Neither,Neither,Yes,Ground,0.0,0,2.0,2.0,Scored,Neither,Neither,Neither,Yes,Didn't try,No,1.0,0.0,No,0,2024-03-08 14:52:59,0.0,3.0,2.0,3.0,0.0,2.0,,0.0,2.0,0.0,0.0,0.0,2.0,0.0,0.0,0.0,8.0,8.0,16.0,9.0,2.0
92,3/8/2024 14:58:08,7676.0,Q18,Yes,No,1.0,0.0,Neither,Neither,Neither,Neither,No,Ground,10.0,Didn’t cross,1.0,0.0,Scored,0,0,0,No,Didn't try,No,0.0,0.0,No,Shot but not moved once,2024-03-08 14:58:08,0.0,2.0,0.0,0.0,0.0,0.0,,0.0,0.0,0.0,0.0,0.0,2.0,0.0,0.0,0.0,2.0,5.0,7.0,7.0,0.0
93,3/8/2024 15:01:31,5130.0,Q18,Yes,Yes,0.0,0.0,0,0,0,0,0,Ground,0.0,0,6.0,0.0,Scored,Attempted,0,0,Yes,Failed,0,0.0,3.0,0,0,2024-03-08 15:01:31,3.0,6.0,0.0,3.0,0.0,2.0,,0.0,0.0,0.0,0.0,0.0,2.0,0.0,0.0,1.0,14.0,3.0,17.0,12.0,0.0
94,3/8/2024 15:01:31,4451.0,Q18,Yes,No,0.0,0.0,Neither,Neither,Neither,Neither,No,"Ground, Source",2.0,5,3.0,0.0,Scored,Neither,Neither,Scored,Yes,Didn't try,No,0.0,0.0,Yes,0,2024-03-08 15:01:31,0.0,3.0,0.0,0.0,0.0,2.0,,0.0,0.0,0.0,0.0,0.0,2.0,0.0,2.0,0.0,8.0,0.0,8.0,6.0,0.0
95,3/8/2024 15:01:47,6167.0,Q18,Yes,Yes,0.0,0.0,Neither,Neither,Neither,Neither,No,Ground,1.0,4,1.0,0.0,Scored,Neither,Neither,Neither,No,Failed,No,0.0,0.0,No,Took a whole minute to pick up a piece,2024-03-08 15:01:47,0.0,1.0,0.0,3.0,0.0,0.0,,0.0,0.0,0.0,0.0,0.0,2.0,0.0,0.0,0.0,2.0,3.0,5.0,2.0,0.0
96,3/8/2024 15:01:51,1648.0,Q17,Yes,Yes,0.0,0.0,Neither,Neither,Neither,Neither,Yes,0,0.0,0,0.0,0.0,Neither,Neither,Neither,Neither,Yes,Yes,No,0.0,3.0,No,Appears broken; Didnt move much,2024-03-08 15:01:51,3.0,0.0,0.0,3.0,0.0,2.0,,3.0,0.0,0.0,0.0,0.0,0.0,0.0,0.0,0.0,5.0,3.0,8.0,0.0,0.0
97,3/8/2024 15:06:08,1293.0,Q19,No,0,0.0,0.0,0,0,0,0,0,0,0.0,0,0.0,0.0,0,0,0,0,0,0,0,0.0,0.0,0,0,2024-03-08 15:06:08,0.0,0.0,0.0,0.0,0.0,0.0,,0.0,0.0,0.0,0.0,0.0,0.0,0.0,0.0,0.0,0.0,0.0,0.0,0.0,0.0
98,3/8/2024 15:08:46,3490.0,Q19,Yes,No,1.0,0.0,Scored,0,0,0,0,Ground,0.0,0,0.0,0.0,0,0,0,0,No,Didn't try,No,2.0,0.0,0,0,2024-03-08 15:08:46,0.0,1.0,0.0,0.0,0.0,0.0,,0.0,2.0,0.0,0.0,0.0,0.0,0.0,0.0,0.0,0.0,5.0,5.0,5.0,0.0
99,3/8/2024 15:12:54,3489.0,Q19,Yes,No,0.0,0.0,0,0,0,0,0,Ground,2.0,5,2.0,0.0,Scored,Neither,Neither,Neither,Yes,Failed,No,0.0,0.0,No,0,2024-03-08 15:12:54,0.0,2.0,0.0,0.0,0.0,2.0,,0.0,0.0,0.0,0.0,0.0,2.0,0.0,0.0,0.0,6.0,0.0,6.0,4.0,0.0
100,3/8/2024 15:13:15,6961.0,Q19,Yes,Yes,0.0,0.0,Neither,Neither,Neither,Neither,No,0,1.0,3,0.0,0.0,Neither,Neither,Neither,Neither,Yes,Didn't try,No,0.0,0.0,No,Push bot,2024-03-08 15:13:15,0.0,0.0,0.0,3.0,0.0,2.0,,0.0,0.0,0.0,0.0,0.0,0.0,0.0,0.0,0.0,2.0,3.0,5.0,0.0,0.0
101,3/8/2024 15:18:30,1539.0,Q20,No,0,0.0,0.0,0,0,0,0,0,0,0.0,0,0.0,0.0,0,0,0,0,0,0,0,0.0,0.0,No,0,2024-03-08 15:18:30,0.0,0.0,0.0,0.0,0.0,0.0,,0.0,0.0,0.0,0.0,0.0,0.0,0.0,0.0,0.0,0.0,0.0,0.0,0.0,0.0
102,3/8/2024 15:20:39,3976.0,Q20,Yes,No,0.0,0.0,Neither,Neither,Neither,Neither,No,Ground,4.0,7,1.0,0.0,Scored,Neither,Neither,Neither,Yes,Didn't try,No,0.0,0.0,No,0,2024-03-08 15:20:39,0.0,1.0,0.0,0.0,0.0,2.0,,0.0,0.0,0.0,0.0,0.0,2.0,0.0,0.0,0.0,4.0,0.0,4.0,2.0,0.0
103,3/8/2024 15:20:42,7085.0,Q20,Yes,Yes,1.0,0.0,Scored,0,0,0,0,Source,0.0,0,1.0,0.0,Scored,0,0,0,Yes,Didn't try,No,0.0,3.0,0,0,2024-03-08 15:20:42,3.0,2.0,0.0,3.0,0.0,2.0,,0.0,2.0,0.0,0.0,0.0,2.0,0.0,0.0,0.0,4.0,8.0,12.0,7.0,0.0
104,3/8/2024 15:20:46,4533.0,Q20,Yes,Yes,0.0,0.0,Neither,Neither,Neither,Neither,Yes,Source,1.0,5,2.0,0.0,Scored,Neither,Neither,Neither,No,Yes,No,1.0,0.0,No,0,2024-03-08 15:20:46,0.0,2.0,0.0,3.0,0.0,0.0,,3.0,0.0,0.0,0.0,0.0,2.0,0.0,0.0,0.0,7.0,3.0,10.0,4.0,0.0
105,3/8/2024 15:28:50,9315.0,Q22,Yes,No,0.0,0.0,Neither,Neither,Neither,Neither,0,Ground,1.0,0,1.0,0.0,Scored,Neither,Neither,Neither,Yes,Didn't try,No,0.0,2.0,0,0,2024-03-08 15:28:50,2.0,1.0,0.0,0.0,0.0,2.0,,0.0,0.0,0.0,0.0,0.0,2.0,0.0,0.0,0.0,4.0,0.0,4.0,2.0,0.0
106,3/8/2024 15:28:53,3901.0,Q21,Yes,Yes,1.0,0.0,Scored,Neither,Neither,Neither,No,Ground,0.0,8,1.0,1.0,Neither,0,0,0,Yes,Yes,No,0.0,0.0,No,0,2024-03-08 15:28:53,0.0,2.0,1.0,3.0,0.0,2.0,,3.0,2.0,0.0,0.0,0.0,0.0,0.0,0.0,0.0,8.0,8.0,16.0,7.0,1.0
107,3/8/2024 15:29:04,6366.0,Q21,Yes,Yes,0.0,0.0,Neither,Neither,Neither,Neither,No,Source,1.0,3,3.0,1.0,Scored,Scored,0,0,Yes,Didn't try,No,0.0,0.0,No,0,2024-03-08 15:29:04,0.0,3.0,1.0,3.0,0.0,2.0,,0.0,0.0,0.0,0.0,0.0,2.0,0.0,0.0,2.0,9.0,3.0,12.0,6.0,1.0
108,3/8/2024 15:29:30,1287.0,Q21,Yes,No,0.0,0.0,0,0,0,0,0,Ground,2.0,7,1.0,0.0,Scored,Neither,Neither,Neither,Yes,Didn't try,No,0.0,0.0,Yes,0,2024-03-08 15:29:30,0.0,1.0,0.0,0.0,0.0,2.0,,0.0,0.0,0.0,0.0,0.0,2.0,0.0,0.0,0.0,4.0,0.0,4.0,2.0,0.0
109,3/8/2024 15:36:30,3489.0,Q22,Yes,No,0.0,0.0,0,0,0,0,0,Ground,0.0,0,2.0,0.0,Scored,0,0,0,Yes,Failed,No,0.0,0.0,0,0,2024-03-08 15:36:30,0.0,2.0,0.0,0.0,0.0,2.0,,0.0,0.0,0.0,0.0,0.0,2.0,0.0,0.0,0.0,6.0,0.0,6.0,4.0,0.0
110,3/8/2024 15:36:36,9477.0,Q22,Yes,Yes,0.0,0.0,Neither,Neither,Neither,Neither,No,"Ground, Source",2.0,6,0.0,0.0,Neither,Neither,Neither,Neither,Yes,Didn't try,No,0.0,2.0,Yes,shot notes to the other teams on red alliances from the source,2024-03-08 15:36:36,2.0,0.0,0.0,3.0,0.0,2.0,,0.0,0.0,0.0,0.0,0.0,0.0,0.0,0.0,0.0,2.0,3.0,5.0,0.0,0.0
111,3/8/2024 15:36:40,8575.0,Q22,Yes,Yes,1.0,0.0,Scored,Neither,Neither,Neither,No,Ground,0.0,8,3.0,0.0,Scored,Neither,Neither,Neither,Yes,Didn't try,No,0.0,2.0,No,0,2024-03-08 15:36:40,2.0,4.0,0.0,3.0,0.0,2.0,,0.0,2.0,0.0,0.0,0.0,2.0,0.0,0.0,0.0,8.0,8.0,16.0,11.0,0.0
112,3/8/2024 15:36:47,342.0,Q22,Yes,Yes,1.0,0.0,Scored,Neither,Neither,Neither,No,Ground,1.0,4,3.0,0.0,Scored,Neither,Neither,Neither,No,Yes,No,0.0,2.0,No,0,2024-03-08 15:36:47,2.0,4.0,0.0,3.0,0.0,0.0,,3.0,2.0,0.0,0.0,0.0,2.0,0.0,0.0,0.0,9.0,8.0,17.0,11.0,0.0
113,3/8/2024 15:43:49,1648.0,Q23,No,0,0.0,0.0,0,0,0,0,No,0,0.0,0,0.0,0.0,0,0,0,0,0,0,0,0.0,0.0,No,0,2024-03-08 15:43:49,0.0,0.0,0.0,0.0,0.0,0.0,,0.0,0.0,0.0,0.0,0.0,0.0,0.0,0.0,0.0,0.0,0.0,0.0,0.0,0.0
114,3/8/2024 15:46:07,9571.0,Q23,Yes,No,0.0,0.0,Neither,Neither,Neither,Neither,No,Ground,1.0,4,0.0,0.0,Scored,Neither,Neither,Neither,Yes,Didn't try,No,0.0,0.0,No,0,2024-03-08 15:46:07,0.0,0.0,0.0,0.0,0.0,2.0,,0.0,0.0,0.0,0.0,0.0,2.0,0.0,0.0,0.0,2.0,0.0,2.0,0.0,0.0
115,3/8/2024 15:47:23,7085.0,Q23,Yes,Yes,0.0,0.0,Neither,Neither,Neither,Neither,No,Ground,2.0,7,2.0,0.0,Scored,Neither,Neither,Neither,Yes,Didn't try,No,0.0,0.0,No,kit bot-defense,2024-03-08 15:47:23,0.0,2.0,0.0,3.0,0.0,2.0,,0.0,0.0,0.0,0.0,0.0,2.0,0.0,0.0,0.0,6.0,3.0,9.0,4.0,0.0
116,3/8/2024 15:52:42,1539.0,Q24,No,0,0.0,0.0,0,0,0,0,0,0,0.0,0,0.0,0.0,0,0,0,0,0,0,0,0.0,0.0,0,0,2024-03-08 15:52:42,0.0,0.0,0.0,0.0,0.0,0.0,,0.0,0.0,0.0,0.0,0.0,0.0,0.0,0.0,0.0,0.0,0.0,0.0,0.0,0.0
117,3/8/2024 15:54:18,1287.0,Q24,Yes,0,0.0,0.0,0,0,0,0,0,Ground,0.0,0,4.0,0.0,Scored,0,0,0,Yes,Didn't try,No,0.0,3.0,0,0,2024-03-08 15:54:18,3.0,4.0,0.0,0.0,0.0,2.0,,0.0,0.0,0.0,0.0,0.0,2.0,0.0,0.0,0.0,10.0,0.0,10.0,8.0,0.0
118,3/8/2024 15:54:19,1051.0,Q24,Yes,Yes,0.0,0.0,0,0,Attempted,0,No,0,0.0,0,1.0,0.0,Neither,Neither,Scored,Neither,No,Yes,No,0.0,0.0,No,Stalled till there was 30 seconds left,2024-03-08 15:54:19,0.0,1.0,0.0,3.0,0.0,0.0,,3.0,0.0,1.0,0.0,0.0,0.0,2.0,0.0,0.0,5.0,3.0,8.0,2.0,0.0
119,3/8/2024 15:54:25,9561.0,24,Yes,Yes,0.0,0.0,Neither,Neither,Neither,Neither,No,0,2.0,9,0.0,0.0,Neither,Neither,Neither,Neither,Yes,Didn't try,No,0.0,0.0,No,0,2024-03-08 15:54:25,0.0,0.0,0.0,3.0,0.0,2.0,,0.0,0.0,0.0,0.0,0.0,0.0,0.0,0.0,0.0,2.0,3.0,5.0,0.0,0.0
120,3/8/2024 16:03:05,6167.0,Q25,Yes,Yes,0.0,0.0,Neither,Neither,Neither,Neither,No,Ground,0.0,15,1.0,0.0,0,Neither,Attempted,Neither,Yes,Yes,No,0.0,0.0,No,0,2024-03-08 16:03:05,0.0,1.0,0.0,3.0,0.0,2.0,,3.0,0.0,0.0,0.0,0.0,0.0,1.0,0.0,0.0,7.0,3.0,10.0,2.0,0.0
121,3/8/2024 16:03:08,2815.0,Q25,Yes,Yes,1.0,0.0,Scored,Neither,Neither,Neither,No,"Ground, Source",2.0,5,2.0,0.0,Scored,Neither,Neither,Neither,Yes,Failed,No,0.0,0.0,Yes,0,2024-03-08 16:03:08,0.0,3.0,0.0,3.0,0.0,2.0,,0.0,2.0,0.0,0.0,0.0,2.0,0.0,0.0,0.0,6.0,8.0,14.0,9.0,0.0
122,3/8/2024 16:03:11,5130.0,Q25,Yes,Yes,0.0,0.0,Neither,Neither,Neither,Neither,No,Ground,1.0,3,2.0,0.0,Scored,Neither,Neither,Neither,No,Yes; with another robot,No,0.0,0.0,No,0,2024-03-08 16:03:11,0.0,2.0,0.0,3.0,0.0,0.0,,3.0,0.0,0.0,0.0,0.0,2.0,0.0,0.0,0.0,7.0,3.0,10.0,4.0,0.0
123,3/8/2024 16:13:02,9315.0,Q26,Yes,No,0.0,0.0,0,0,0,0,No,0,0.0,1:10,0.0,0.0,Neither,Neither,Neither,Neither,Yes,Failed,No,0.0,0.0,No,"Jerky movements, no intake function",2024-03-08 16:13:02,0.0,0.0,0.0,0.0,0.0,2.0,,0.0,0.0,0.0,0.0,0.0,0.0,0.0,0.0,0.0,2.0,0.0,2.0,0.0,0.0
124,3/8/2024 16:13:39,3091.0,Q26,Yes,Yes,0.0,0.0,0,0,0,0,No,Ground,3.0,0,0.0,0.0,0,0,0,0,Yes,Didn't try,No,0.0,0.0,No,0,2024-03-08 16:13:39,0.0,0.0,0.0,3.0,0.0,2.0,,0.0,0.0,0.0,0.0,0.0,0.0,0.0,0.0,0.0,2.0,3.0,5.0,0.0,0.0
125,3/8/2024 16:13:45,9315.0,Q26,Yes,No,0.0,0.0,Neither,Neither,Neither,Neither,No,Source,2.0,Did not cross field,1.0,0.0,Scored,Neither,Neither,Neither,Yes,Failed,No,0.0,0.0,No,Played defense for most of match,2024-03-08 16:13:45,0.0,1.0,0.0,0.0,0.0,2.0,,0.0,0.0,0.0,0.0,0.0,2.0,0.0,0.0,0.0,4.0,0.0,4.0,2.0,0.0
126,3/8/2024 16:14:30,3490.0,Q26,Yes,Yes,0.0,0.0,Attempted,0,0,0,No,0,0.0,Did not attempt,1.0,2.0,Scored,Neither,Neither,Neither,Yes,Didn't try,No,0.0,2.0,No,0,2024-03-08 16:14:30,2.0,1.0,2.0,3.0,0.0,2.0,,0.0,1.0,0.0,0.0,0.0,2.0,0.0,0.0,0.0,6.0,3.0,9.0,2.0,2.0
127,3/8/2024 16:14:38,7676.0,Q26,Yes,Yes,0.0,0.0,Neither,Neither,Neither,Neither,No,"Ground, Source",3.0,8,0.0,0.0,Attempted,Neither,Neither,Neither,Yes,Didn't try,No,1.0,0.0,No,0,2024-03-08 16:14:38,0.0,0.0,0.0,3.0,0.0,2.0,,0.0,0.0,0.0,0.0,0.0,1.0,0.0,0.0,0.0,2.0,3.0,5.0,0.0,0.0
128,3/8/2024 16:14:45,8137.0,Q26,Yes,No,0.0,0.0,Neither,Neither,Neither,Neither,No,"Ground, Source",1.0,10,0.0,0.0,Attempted,Attempted,0,0,Yes,Didn't try,No,1.0,3.0,No,Kitbot- switched to defense halfway through,2024-03-08 16:14:45,3.0,0.0,0.0,0.0,0.0,2.0,,0.0,0.0,0.0,0.0,0.0,1.0,0.0,0.0,1.0,2.0,0.0,2.0,0.0,0.0
129,3/8/2024 16:14:45,6961.0,Q26,Yes,No,0.0,0.0,Neither,Neither,Neither,Neither,No,0,0.0,6,0.0,0.0,Neither,Neither,Neither,Neither,No,Didn't try,No,0.0,3.0,No,Pushbot,2024-03-08 16:14:45,3.0,0.0,0.0,0.0,0.0,0.0,,0.0,0.0,0.0,0.0,0.0,0.0,0.0,0.0,0.0,0.0,0.0,0.0,0.0,0.0
130,3/8/2024 16:22:42,1319.0,Q27,Yes,No,0.0,0.0,Neither,Neither,Neither,Neither,Yes,"Ground, Source",3.0,6,1.0,0.0,Attempted,Neither,Neither,Neither,Yes,Didn't try,No,0.0,0.0,No,0,2024-03-08 16:22:42,0.0,1.0,0.0,0.0,0.0,2.0,,0.0,0.0,0.0,0.0,0.0,1.0,0.0,0.0,0.0,4.0,0.0,4.0,2.0,0.0
131,3/8/2024 16:22:45,281.0,Q27,Yes,Yes,0.0,0.0,Attempted,Neither,Neither,Neither,No,"Ground, Source",1.0,8,0.0,3.0,Attempted,Attempted,Neither,Neither,No,Yes,No,0.0,3.0,Yes,Our robot ♡,2024-03-08 16:22:45,3.0,0.0,3.0,3.0,0.0,0.0,,3.0,1.0,0.0,0.0,0.0,1.0,0.0,0.0,1.0,6.0,3.0,9.0,0.0,3.0
132,3/8/2024 16:22:53,1287.0,Q27,Yes,No,0.0,0.0,Neither,Neither,Neither,Neither,No,"Ground, Source",1.0,6,1.0,1.0,Scored,Neither,Neither,Neither,No,Yes,No,0.0,3.0,No,misses.2; went to parking/climbing early,2024-03-08 16:22:53,3.0,1.0,1.0,0.0,0.0,0.0,,3.0,0.0,0.0,0.0,0.0,2.0,0.0,0.0,0.0,6.0,0.0,6.0,2.0,1.0
133,3/8/2024 16:22:59,3489.0,Q27,Yes,Yes,1.0,0.0,Scored,0,0,0,Yes,"Ground, Source",0.0,0,0.0,0.0,Scored,Neither,Neither,Neither,No,Yes,No,0.0,0.0,No,0,2024-03-08 16:22:59,0.0,1.0,0.0,3.0,0.0,0.0,,3.0,2.0,0.0,0.0,0.0,2.0,0.0,0.0,0.0,3.0,8.0,11.0,5.0,0.0
134,3/8/2024 16:23:25,2974.0,Q27,Yes,Yes,1.0,0.0,Scored,0,0,0,Yes,Ground,0.0,6,5.0,1.0,Scored,0,0,0,Yes,Didn't try,No,0.0,3.0,No,"Fast, consistent",2024-03-08 16:23:25,3.0,6.0,1.0,3.0,0.0,2.0,,0.0,2.0,0.0,0.0,0.0,2.0,0.0,0.0,0.0,13.0,8.0,21.0,15.0,1.0
135,3/8/2024 16:23:27,343.0,Q27,Yes,Yes,0.0,0.0,0,0,0,0,No,Ground,4.0,Did not cross,2.0,0.0,0,0,0,0,Yes,Yes,No,0.0,0.0,No,0,2024-03-08 16:23:27,0.0,2.0,0.0,3.0,0.0,2.0,,3.0,0.0,0.0,0.0,0.0,0.0,0.0,0.0,0.0,9.0,3.0,12.0,4.0,0.0
136,3/8/2024 16:29:14,1293.0,Q28,No,0,0.0,0.0,Neither,Neither,Neither,Neither,No,0,0.0,0,0.0,0.0,0,0,0,0,0,0,0,0.0,0.0,0,0,2024-03-08 16:29:14,0.0,0.0,0.0,0.0,0.0,0.0,,0.0,0.0,0.0,0.0,0.0,0.0,0.0,0.0,0.0,0.0,0.0,0.0,0.0,0.0
137,3/8/2024 16:30:05,7085.0,Q28,Yes,Yes,0.0,0.0,Neither,Neither,Neither,Neither,No,Source,1.0,6,1.0,0.0,Scored,Neither,Neither,Neither,Yes,Didn't try,No,0.0,0.0,No,Started playing defense towards the end of the match,2024-03-08 16:30:05,0.0,1.0,0.0,3.0,0.0,2.0,,0.0,0.0,0.0,0.0,0.0,2.0,0.0,0.0,0.0,4.0,3.0,7.0,2.0,0.0
138,3/8/2024 16:30:50,9477.0,Q28,Yes,Yes,0.0,0.0,0,0,0,0,No,"Ground, Source",1.0,5,4.0,0.0,Scored,0,0,0,0,Didn't try,0,0.0,0.0,Yes,They can pass and score but no climb,2024-03-08 16:30:50,0.0,4.0,0.0,3.0,0.0,0.0,,0.0,0.0,0.0,0.0,0.0,2.0,0.0,0.0,0.0,8.0,3.0,11.0,8.0,0.0
139,3/8/2024 16:31:21,9561.0,Q28,Yes,Yes,0.0,0.0,Neither,Neither,Neither,Neither,No,0,1.0,Didnt leave subwoofer,0.0,0.0,Neither,Neither,Neither,Neither,No,Didn't try,No,0.0,0.0,No,Robot is just a drive base - it did nothing,2024-03-08 16:31:21,0.0,0.0,0.0,3.0,0.0,0.0,,0.0,0.0,0.0,0.0,0.0,0.0,0.0,0.0,0.0,0.0,3.0,3.0,0.0,0.0
140,3/8/2024 16:31:24,5130.0,Q28,Yes,Yes,0.0,0.0,Neither,Neither,Neither,Neither,No,"Ground, Source",2.0,4,0.0,0.0,Attempted,Neither,Neither,Neither,Yes,Yes,No,0.0,2.0,No,0,2024-03-08 16:31:24,2.0,0.0,0.0,3.0,0.0,2.0,,3.0,0.0,0.0,0.0,0.0,1.0,0.0,0.0,0.0,5.0,3.0,8.0,0.0,0.0
141,3/8/2024 16:32:14,6366.0,Q28,Yes,Yes,0.0,0.0,0,0,0,0,No,Ground,0.0,5,2.0,0.0,Scored,Neither,Neither,Neither,No,Yes,No,0.0,0.0,No,0,2024-03-08 16:32:14,0.0,2.0,0.0,3.0,0.0,0.0,,3.0,0.0,0.0,0.0,0.0,2.0,0.0,0.0,0.0,7.0,3.0,10.0,4.0,0.0
142,3/8/2024 16:41:33,7676.0,Q29,Yes,Yes,0.0,0.0,Neither,Neither,Neither,Neither,No,Source,0.0,7,0.0,0.0,0,0,Attempted,0,Yes,Didn't try,No,0.0,0.0,No,misses.1; took a LONG time to shoot,2024-03-08 16:41:33,0.0,0.0,0.0,3.0,0.0,2.0,,0.0,0.0,0.0,0.0,0.0,0.0,1.0,0.0,0.0,2.0,3.0,5.0,0.0,0.0
143,3/8/2024 16:41:47,9315.0,Q29,Yes,No,0.0,0.0,Neither,Neither,Neither,Neither,No,Ground,2.0,9,0.0,0.0,Neither,Neither,Neither,Neither,Yes,Didn't try,No,0.0,2.0,No,0,2024-03-08 16:41:47,2.0,0.0,0.0,0.0,0.0,2.0,,0.0,0.0,0.0,0.0,0.0,0.0,0.0,0.0,0.0,2.0,0.0,2.0,0.0,0.0
144,3/8/2024 16:41:48,3490.0,Q29,Yes,No,0.0,0.0,Neither,Neither,Neither,Neither,No,0,10.0,0,0.0,0.0,Neither,Neither,Neither,Neither,No,Didn't try,No,0.0,0.0,No,Robot problems before match started,2024-03-08 16:41:48,0.0,0.0,0.0,0.0,0.0,0.0,,0.0,0.0,0.0,0.0,0.0,0.0,0.0,0.0,0.0,0.0,0.0,0.0,0.0,0.0
145,3/8/2024 16:41:53,4189.0,Q29,Yes,Yes,0.0,0.0,Neither,Neither,Neither,Neither,No,"Ground, Source",3.0,0,2.0,0.0,Scored,Neither,Neither,Neither,Yes,Didn't try,No,0.0,2.0,Yes,0,2024-03-08 16:41:53,2.0,2.0,0.0,3.0,0.0,2.0,,0.0,0.0,0.0,0.0,0.0,2.0,0.0,0.0,0.0,6.0,3.0,9.0,4.0,0.0
146,3/8/2024 16:42:21,8736.0,Q29,Yes,Yes,1.0,0.0,Scored,Neither,Neither,Neither,No,Ground,0.0,7,1.0,0.0,Scored,0,0,0,No,Didn't try,No,0.0,0.0,No,0,2024-03-08 16:42:21,0.0,2.0,0.0,3.0,0.0,0.0,,0.0,2.0,0.0,0.0,0.0,2.0,0.0,0.0,0.0,2.0,8.0,10.0,7.0,0.0
147,3/8/2024 16:51:30,1051.0,Q30,Yes,Yes,0.0,0.0,Neither,Neither,Neither,Neither,No,Ground,1.0,7,1.0,0.0,0,0,Scored,0,Yes,Failed,No,0.0,2.0,No,misses.1; took long time to shoot; really easy to defend,2024-03-08 16:51:30,2.0,1.0,0.0,3.0,0.0,2.0,,0.0,0.0,0.0,0.0,0.0,0.0,2.0,0.0,0.0,4.0,3.0,7.0,2.0,0.0
148,3/8/2024 16:51:33,343.0,Q30,Yes,Yes,0.0,0.0,Neither,Neither,Neither,Neither,No,Ground,1.0,7,0.0,6.0,Neither,Neither,Neither,Neither,No,Yes,Yes,0.0,2.0,Yes,0,2024-03-08 16:51:33,2.0,0.0,6.0,3.0,5.0,0.0,,3.0,0.0,0.0,0.0,0.0,0.0,0.0,0.0,0.0,14.0,3.0,17.0,0.0,6.0
149,3/8/2024 16:51:36,8575.0,Q30,Yes,Yes,2.0,0.0,Scored,0,0,0,No,Ground,0.0,6,5.0,0.0,Scored,0,0,0,Yes,Failed,No,0.0,2.0,No,0,2024-03-08 16:51:36,2.0,7.0,0.0,3.0,0.0,2.0,,0.0,2.0,0.0,0.0,0.0,2.0,0.0,0.0,0.0,12.0,13.0,25.0,20.0,0.0
150,3/8/2024 16:54:40,1319.0,Q30,Yes,Yes,1.0,0.0,Scored,Neither,Neither,Neither,No,Ground,3.0,0,3.0,0.0,Scored,Neither,Neither,Neither,Yes,Failed,No,0.0,0.0,Yes,Good close shooter,2024-03-08 16:54:40,0.0,4.0,0.0,3.0,0.0,2.0,,0.0,2.0,0.0,0.0,0.0,2.0,0.0,0.0,0.0,8.0,8.0,16.0,11.0,0.0
151,3/8/2024 16:59:28,6961.0,Q31,Yes,Yes,0.0,0.0,Neither,Neither,Neither,Neither,No,0,1.0,Didnt attempt,0.0,0.0,Neither,Neither,Neither,Neither,Yes,Didn't try,No,0.0,0.0,No,Defense - drive base only,2024-03-08 16:59:28,0.0,0.0,0.0,3.0,0.0,2.0,,0.0,0.0,0.0,0.0,0.0,0.0,0.0,0.0,0.0,2.0,3.0,5.0,0.0,0.0
152,3/8/2024 16:59:42,1648.0,Q31,Yes,Yes,0.0,0.0,Neither,Neither,Neither,Neither,No,Ground,0.0,7,2.0,0.0,Scored,Neither,Neither,Neither,Yes,Failed,No,0.0,0.0,No,0,2024-03-08 16:59:42,0.0,2.0,0.0,3.0,0.0,2.0,,0.0,0.0,0.0,0.0,0.0,2.0,0.0,0.0,0.0,6.0,3.0,9.0,4.0,0.0
153,3/8/2024 17:00:49,1539.0,Q31,Yes,No,1.0,0.0,Neither,Neither,Neither,Neither,No,"Ground, Source",1.0,6,2.0,0.0,Scored,Neither,Neither,Neither,Yes,Didn't try,No,0.0,0.0,No,0,2024-03-08 17:00:49,0.0,3.0,0.0,0.0,0.0,2.0,,0.0,0.0,0.0,0.0,0.0,2.0,0.0,0.0,0.0,6.0,5.0,11.0,9.0,0.0
154,3/8/2024 17:01:08,281.0,Q31,Yes,Yes,0.0,0.0,Neither,Neither,Neither,Neither,No,Ground,0.0,0,0.0,0.0,Attempted,Neither,Neither,Neither,Yes,Yes; with another robot,No,0.0,2.0,Yes,0,2024-03-08 17:01:08,2.0,0.0,0.0,3.0,0.0,2.0,,3.0,0.0,0.0,0.0,0.0,1.0,0.0,0.0,0.0,5.0,3.0,8.0,0.0,0.0
155,3/8/2024 17:08:24,4533.0,Q32,Yes,Yes,0.0,0.0,Neither,Neither,Neither,Neither,No,Source,1.0,10,0.0,5.0,Neither,Neither,Neither,Neither,No,Yes,No,0.0,0.0,Yes,Amp only robot,2024-03-08 17:08:24,0.0,0.0,5.0,3.0,0.0,0.0,,3.0,0.0,0.0,0.0,0.0,0.0,0.0,0.0,0.0,8.0,3.0,11.0,0.0,5.0
156,3/8/2024 17:08:40,342.0,Q32,Yes,Yes,1.0,0.0,Scored,Neither,Neither,Neither,No,"Ground, Source",0.0,4,6.0,0.0,Scored,0,0,0,No,Yes,No,0.0,3.0,No,Speaker seemed to have been preferred over amp,2024-03-08 17:08:40,3.0,7.0,0.0,3.0,0.0,0.0,,3.0,2.0,0.0,0.0,0.0,2.0,0.0,0.0,0.0,15.0,8.0,23.0,17.0,0.0
157,3/8/2024 17:08:45,3329.0,Q32,Yes,No,0.0,0.0,Neither,Neither,Neither,Neither,No,0,0.0,0,0.0,0.0,Neither,Neither,Neither,Neither,No,Didn't try,No,0.0,0.0,0,Note got stuck didn't do much,2024-03-08 17:08:45,0.0,0.0,0.0,0.0,0.0,0.0,,0.0,0.0,0.0,0.0,0.0,0.0,0.0,0.0,0.0,0.0,0.0,0.0,0.0,0.0
158,3/8/2024 17:17:20,1287.0,Q33,Yes,No,0.0,0.0,Attempted,0,0,0,Yes,Ground,1.0,6,0.0,1.0,Neither,Neither,Neither,Neither,No,Failed,No,0.0,0.0,No,Seemed to prefer amp,2024-03-08 17:17:20,0.0,0.0,1.0,0.0,0.0,0.0,,0.0,1.0,0.0,0.0,0.0,0.0,0.0,0.0,0.0,1.0,0.0,1.0,0.0,1.0
159,3/8/2024 17:17:25,9315.0,Q33,Yes,No,0.0,0.0,Neither,Neither,Neither,Neither,No,Ground,0.0,Didn't cross,0.0,0.0,Scored,Neither,Neither,Neither,Yes,Didn't try,No,0.0,0.0,No,0,2024-03-08 17:17:25,0.0,0.0,0.0,0.0,0.0,2.0,,0.0,0.0,0.0,0.0,0.0,2.0,0.0,0.0,0.0,2.0,0.0,2.0,0.0,0.0
160,3/8/2024 17:17:44,1319.0,Q33,Yes,No,0.0,0.0,Neither,Neither,Neither,Neither,Yes,0,2.0,Did not attempt,0.0,0.0,Neither,Neither,Neither,Neither,Yes,Failed,No,2.0,0.0,No,"Broken robot, played defense",2024-03-08 17:17:44,0.0,0.0,0.0,0.0,0.0,2.0,,0.0,0.0,0.0,0.0,0.0,0.0,0.0,0.0,0.0,2.0,0.0,2.0,0.0,0.0
161,3/8/2024 17:26:23,3489.0,Q34,Yes,Yes,0.0,0.0,Neither,Neither,Neither,Neither,No,"Ground, Source",1.0,5,6.0,0.0,Scored,Neither,Neither,Neither,No,Yes,No,0.0,0.0,Yes,7 notes in speaker,2024-03-08 17:26:23,0.0,6.0,0.0,3.0,0.0,0.0,,3.0,0.0,0.0,0.0,0.0,2.0,0.0,0.0,0.0,15.0,3.0,18.0,12.0,0.0
162,3/8/2024 17:27:53,8137.0,Q34,Yes,No,0.0,0.0,Neither,Neither,Neither,Neither,No,Ground,1.0,6,0.0,0.0,Attempted,0,0,0,Yes,Didn't try,No,0.0,0.0,No,Looked lost; inexperienced drive team?,2024-03-08 17:27:53,0.0,0.0,0.0,0.0,0.0,2.0,,0.0,0.0,0.0,0.0,0.0,1.0,0.0,0.0,0.0,2.0,0.0,2.0,0.0,0.0
163,3/8/2024 17:31:11,9561.0,Q34,Yes,No,0.0,0.0,Neither,Neither,Neither,Neither,No,0,0.0,0,0.0,0.0,Neither,Neither,Neither,Neither,No,Didn't try,No,0.0,0.0,No,Pushbot,2024-03-08 17:31:11,0.0,0.0,0.0,0.0,0.0,0.0,,0.0,0.0,0.0,0.0,0.0,0.0,0.0,0.0,0.0,0.0,0.0,0.0,0.0,0.0
164,3/8/2024 17:35:21,6167.0,Q35,Yes,No,0.0,0.0,Neither,Neither,Neither,Neither,No,Source,3.0,15,0.0,1.0,Neither,Neither,Neither,Neither,Yes,Failed,No,0.0,0.0,No,Modified kitbot,2024-03-08 17:35:21,0.0,0.0,1.0,0.0,0.0,2.0,,0.0,0.0,0.0,0.0,0.0,0.0,0.0,0.0,0.0,3.0,0.0,3.0,0.0,1.0
165,3/8/2024 17:39:31,342.0,Q35,Yes,Yes,0.0,0.0,Attempted,Neither,Neither,Neither,No,Ground,0.0,6,3.0,0.0,Scored,Neither,Neither,Neither,No,Yes,No,0.0,0.0,No,0,2024-03-08 17:39:31,0.0,3.0,0.0,3.0,0.0,0.0,,3.0,1.0,0.0,0.0,0.0,2.0,0.0,0.0,0.0,9.0,3.0,12.0,6.0,0.0
166,3/8/2024 17:39:48,4189.0,Q35,Yes,Yes,0.0,0.0,Neither,Neither,Neither,Neither,No,Ground,1.0,5,1.0,2.0,Scored,0,0,0,Yes,Didn't try,No,0.0,0.0,No,Could do amp and speaker,2024-03-08 17:39:48,0.0,1.0,2.0,3.0,0.0,2.0,,0.0,0.0,0.0,0.0,0.0,2.0,0.0,0.0,0.0,6.0,3.0,9.0,2.0,2.0
167,3/8/2024 17:44:32,3876.0,Q36,No,0,0.0,0.0,0,0,0,0,0,0,0.0,0,0.0,0.0,0,0,0,0,0,0,0,0.0,0.0,0,Wasn't there,2024-03-08 17:44:32,0.0,0.0,0.0,0.0,0.0,0.0,,0.0,0.0,0.0,0.0,0.0,0.0,0.0,0.0,0.0,0.0,0.0,0.0,0.0,0.0
168,3/8/2024 17:46:47,4451.0,Q36,Yes,Yes,2.0,0.0,Neither,Neither,Neither,Neither,No,Ground,0.0,0,5.0,0.0,0,0,Scored,0,Yes,Didn't try,No,0.0,2.0,Yes,misses.4; likes to place pieces in own half in dpeaker,2024-03-08 17:46:47,2.0,7.0,0.0,3.0,0.0,2.0,,0.0,0.0,0.0,0.0,0.0,0.0,2.0,0.0,0.0,12.0,13.0,25.0,20.0,0.0
169,3/8/2024 17:46:54,7085.0,Q36,Yes,Yes,0.0,0.0,Neither,Neither,Neither,Neither,No,0,1.0,8,0.0,0.0,Neither,Neither,Neither,Neither,Yes,Didn't try,No,1.0,2.0,No,"Modified kitbot, played defense",2024-03-08 17:46:54,2.0,0.0,0.0,3.0,0.0,2.0,,0.0,0.0,0.0,0.0,0.0,0.0,0.0,0.0,0.0,2.0,3.0,5.0,0.0,0.0
170,3/8/2024 17:53:59,4533.0,Q37,Yes,Yes,0.0,0.0,Neither,Neither,Neither,Neither,Yes,"Ground, Source",1.0,5,2.0,1.0,Scored,Neither,Neither,Neither,Yes,Didn't try,No,0.0,0.0,Yes,0,2024-03-08 17:53:59,0.0,2.0,1.0,3.0,0.0,2.0,,0.0,0.0,0.0,0.0,0.0,2.0,0.0,0.0,0.0,7.0,3.0,10.0,4.0,1.0
171,3/8/2024 17:54:07,3490.0,G37,Yes,Yes,0.0,0.0,Neither,Neither,Neither,Neither,No,Ground,2.0,8,1.0,0.0,Neither,Neither,Neither,Neither,Yes,Didn't try,No,0.0,0.0,No,0,2024-03-08 17:54:07,0.0,1.0,0.0,3.0,0.0,2.0,,0.0,0.0,0.0,0.0,0.0,0.0,0.0,0.0,0.0,4.0,3.0,7.0,2.0,0.0
172,3/8/2024 17:54:40,1648.0,Q37,No,Yes,0.0,0.0,Neither,Neither,Neither,Neither,No,0,1.0,0,0.0,0.0,Neither,Neither,Neither,Neither,No,Yes,No,0.0,0.0,Yes,Tasked with slowing Walton and ramrods down; did a fairly good job,2024-03-08 17:54:40,0.0,0.0,0.0,3.0,0.0,0.0,,3.0,0.0,0.0,0.0,0.0,0.0,0.0,0.0,0.0,3.0,3.0,6.0,0.0,0.0
173,3/8/2024 18:00:41,1287.0,Q38,Yes,No,0.0,0.0,Neither,Neither,Neither,Neither,No,Ground,1.0,6,6.0,0.0,Scored,Neither,Neither,Neither,Yes,Didn't try,No,0.0,0.0,Yes,8 speaker notes,2024-03-08 18:00:41,0.0,6.0,0.0,0.0,0.0,2.0,,0.0,0.0,0.0,0.0,0.0,2.0,0.0,0.0,0.0,14.0,0.0,14.0,12.0,0.0
174,3/8/2024 18:04:49,9571.0,Q38,Yes,Yes,0.0,0.0,Neither,Neither,Neither,Neither,No,Source,0.0,9,0.0,0.0,Neither,Neither,Neither,Neither,Yes,Didn't try,No,0.0,0.0,0,Just passed notes,2024-03-08 18:04:49,0.0,0.0,0.0,3.0,0.0,2.0,,0.0,0.0,0.0,0.0,0.0,0.0,0.0,0.0,0.0,2.0,3.0,5.0,0.0,0.0
175,3/8/2024 18:04:52,1293.0,Q38,Yes,No,0.0,0.0,Neither,Neither,Neither,Neither,No,Source,1.0,8,0.0,0.0,Neither,Neither,Neither,Neither,Yes,Didn't try,No,0.0,0.0,No,Kitbot; played defense entire match; really slow,2024-03-08 18:04:52,0.0,0.0,0.0,0.0,0.0,2.0,,0.0,0.0,0.0,0.0,0.0,0.0,0.0,0.0,0.0,2.0,0.0,2.0,0.0,0.0
176,3/8/2024 18:14:18,1319.0,Q39,No,0,0.0,0.0,0,0,0,0,0,0,0.0,0,0.0,0.0,0,0,0,0,0,0,0,0.0,0.0,0,Not here,2024-03-08 18:14:18,0.0,0.0,0.0,0.0,0.0,0.0,,0.0,0.0,0.0,0.0,0.0,0.0,0.0,0.0,0.0,0.0,0.0,0.0,0.0,0.0
177,3/8/2024 18:16:54,8736.0,Q39,Yes,Yes,1.0,0.0,Scored,Neither,Neither,Neither,No,"Ground, Source",1.0,5,5.0,1.0,Scored,Neither,Neither,Neither,No,Didn't try,No,0.0,2.0,No,0,2024-03-08 18:16:54,2.0,6.0,1.0,3.0,0.0,0.0,,0.0,2.0,0.0,0.0,0.0,2.0,0.0,0.0,0.0,11.0,8.0,19.0,15.0,1.0
178,3/8/2024 18:30:40,9561.0,Q40,Yes,Yes,0.0,0.0,Neither,Neither,Neither,Neither,No,0,0.0,8,0.0,0.0,Neither,Neither,Neither,Neither,Yes,Didn't try,No,0.0,1.0,No,Pushbot,2024-03-08 18:30:40,1.0,0.0,0.0,3.0,0.0,2.0,,0.0,0.0,0.0,0.0,0.0,0.0,0.0,0.0,0.0,2.0,3.0,5.0,0.0,0.0
179,3/8/2024 18:31:01,3229.0,Q40,Yes,Yes,0.0,0.0,Attempted,0,0,0,No,Source,1.0,6,0.0,0.0,Attempted,Neither,Neither,Neither,Yes,Didn't try,No,0.0,1.0,No,Little bit top heavy,2024-03-08 18:31:01,1.0,0.0,0.0,3.0,0.0,2.0,,0.0,1.0,0.0,0.0,0.0,1.0,0.0,0.0,0.0,2.0,3.0,5.0,0.0,0.0
180,3/8/2024 18:36:58,4533.0,Q41,Yes,Yes,0.0,0.0,Attempted,Neither,Neither,Neither,No,Ground,0.0,6,3.0,0.0,Scored,Neither,Neither,Neither,No,Yes,No,0.0,1.0,No,0,2024-03-08 18:36:58,1.0,3.0,0.0,3.0,0.0,0.0,,3.0,1.0,0.0,0.0,0.0,2.0,0.0,0.0,0.0,9.0,3.0,12.0,6.0,0.0
181,3/8/2024 18:37:00,343.0,Q41,Yes,Yes,2.0,0.0,Scored,Neither,Neither,Neither,No,"Ground, Source",1.0,5,5.0,0.0,Scored,Neither,Scored,Neither,No,Didn't try,No,0.0,1.0,No,Seem to prefer speaker over amp,2024-03-08 18:37:00,1.0,7.0,0.0,3.0,0.0,0.0,,0.0,2.0,0.0,0.0,0.0,2.0,2.0,0.0,0.0,10.0,13.0,23.0,20.0,0.0
182,3/8/2024 18:45:21,6366.0,Q42,Yes,No,1.0,0.0,Scored,Neither,Neither,Neither,No,Ground,0.0,6,2.0,0.0,Scored,Neither,Neither,Neither,No,Yes,No,0.0,0.0,No,Played defensively,2024-03-08 18:45:21,0.0,3.0,0.0,0.0,0.0,0.0,,3.0,2.0,0.0,0.0,0.0,2.0,0.0,0.0,0.0,7.0,5.0,12.0,9.0,0.0
183,3/8/2024 18:46:50,8575.0,Q42,Yes,No,0.0,0.0,Neither,Neither,Neither,Neither,No,"Ground, Source",5.0,4,1.0,0.0,Scored,0,0,0,No,Didn't try,No,0.0,0.0,No,Got disabled at the end; didn’t seem to do anything valuable with the notes it picked up,2024-03-08 18:46:50,0.0,1.0,0.0,0.0,0.0,0.0,,0.0,0.0,0.0,0.0,0.0,2.0,0.0,0.0,0.0,2.0,0.0,2.0,2.0,0.0
184,3/8/2024 18:54:41,3091.0,Q43,Yes,Yes,1.0,0.0,Scored,Neither,Neither,Neither,No,Ground,0.0,5,0.0,1.0,Scored,Neither,Neither,Neither,No,Yes,No,0.0,0.0,No,0,2024-03-08 18:54:41,0.0,1.0,1.0,3.0,0.0,0.0,,3.0,2.0,0.0,0.0,0.0,2.0,0.0,0.0,0.0,4.0,8.0,12.0,5.0,1.0
185,3/8/2024 18:55:38,7085.0,Q43,Yes,Yes,0.0,0.0,Neither,Neither,Neither,Neither,No,Source,1.0,6,0.0,0.0,Attempted,0,0,0,Yes,Didn't try,No,0.0,0.0,Yes,0,2024-03-08 18:55:38,0.0,0.0,0.0,3.0,0.0,2.0,,0.0,0.0,0.0,0.0,0.0,1.0,0.0,0.0,0.0,2.0,3.0,5.0,0.0,0.0
186,3/8/2024 19:00:36,5130.0,Q44,Yes,Yes,0.0,0.0,Neither,Neither,Neither,Neither,No,"Ground, Source",1.0,5,2.0,0.0,Scored,0,0,0,No,Yes,No,0.0,0.0,No,Note got stuck under robot multiple times,2024-03-08 19:00:36,0.0,2.0,0.0,3.0,0.0,0.0,,3.0,0.0,0.0,0.0,0.0,2.0,0.0,0.0,0.0,7.0,3.0,10.0,4.0,0.0
187,3/8/2024 19:01:06,3489.0,Q44,No,No,1.0,0.0,Scored,Neither,Neither,Neither,No,Ground,0.0,5,5.0,0.0,Scored,Neither,Neither,0,No,Yes,No,0.0,3.0,No,0,2024-03-08 19:01:06,3.0,6.0,0.0,0.0,0.0,0.0,,3.0,2.0,0.0,0.0,0.0,2.0,0.0,0.0,0.0,13.0,5.0,18.0,15.0,0.0
188,3/8/2024 19:02:31,342.0,Q44,Yes,Yes,0.0,0.0,Attempted,0,0,0,No,Ground,1.0,6,3.0,2.0,Scored,0,Scored,0,No,Yes,No,0.0,3.0,No,Fairly consistent from beyond the auto line,2024-03-08 19:02:31,3.0,3.0,2.0,3.0,0.0,0.0,,3.0,1.0,0.0,0.0,0.0,2.0,2.0,0.0,0.0,11.0,3.0,14.0,6.0,2.0
189,3/8/2024 19:08:16,6167.0,Q45,Yes,Yes,0.0,0.0,Neither,Neither,Neither,Neither,No,Ground,1.0,8,2.0,0.0,Scored,0,0,0,Yes,Failed,No,0.0,0.0,No,0,2024-03-08 19:08:16,0.0,2.0,0.0,3.0,0.0,2.0,,0.0,0.0,0.0,0.0,0.0,2.0,0.0,0.0,0.0,6.0,3.0,9.0,4.0,0.0
190,3/8/2024 19:08:19,0.0,0,0,Yes,1.0,0.0,Scored,Neither,Neither,Neither,No,0,0.0,5,0.0,0.0,Neither,Neither,Neither,Neither,No,0,No,0.0,0.0,No,Played defense,2024-03-08 19:08:19,0.0,1.0,0.0,3.0,0.0,0.0,,0.0,2.0,0.0,0.0,0.0,0.0,0.0,0.0,0.0,0.0,8.0,8.0,5.0,0.0
191,3/8/2024 19:08:33,8736.0,Q45,Yes,Yes,1.0,0.0,Scored,Neither,Neither,Neither,No,"Ground, Source",1.0,5,3.0,2.0,0,0,Scored,0,Yes,Didn't try,No,0.0,0.0,No,Efficient,2024-03-08 19:08:33,0.0,4.0,2.0,3.0,0.0,2.0,,0.0,2.0,0.0,0.0,0.0,0.0,2.0,0.0,0.0,10.0,8.0,18.0,11.0,2.0
